id_cliente,data_cadastro,idade,genero,tempo_cliente,frequencia_uso,contatos_callcenter,dias_atraso,assinatura,duracao_contrato,total_gasto,cancelado
1,2024-04-12,28,M,54,20,4,5,Standard,Mensal,1938.54,0
2,2025-03-11,36,M,35,7,1,0,Basico,Anual,345.36,0
3,2024-09-27,28,M,26,27,0,0,Basico,Mensal,204.67,0
4,2024-04-16,30,F,37,4,1,10,Basico,Mensal,126.8,0
5,2024-03-12,34,M,38,16,2,45,Basico,Mensal,111.28,1
6,2025-12-01,43,M,21,36,0,0,Basico,Mensal,197.9,0
7,2024-01-21,57,M,54,35,2,20,Standard,Mensal,1822.23,1
8,2025-09-06,54,M,40,18,2,5,Premium,Anual,5327.31,0
9,2024-05-01,49,M,39,26,2,5,Premium,Anual,7762.67,0
10,2025-04-11,50,M,21,33,0,5,Premium,Mensal,9346.28,0
11,2024-08-02,24,M,10,10,2,0,Standard,Anual,1112.06,1
12,2024-11-26,63,F,38,44,0,0,Standard,Mensal,786.92,0
13,2025-04-03,33,F,46,46,0,5,Basico,Mensal,306.85,0
14,2024-03-28,30,F,4,11,4,0,Standard,Trimestral,1862.13,0
15,2025-01-07,28,F,57,20,2,30,Basico,Trimestral,421.75,1
16,2024-04-09,53,M,45,10,0,0,Basico,Anual,126.33,0
17,2025-10-25,31,F,20,38,0,0,Standard,Mensal,1538.86,0
18,2024-05-10,54,F,17,27,0,10,Basico,Trimestral,328.76,0
19,2025-10-23,54,M,55,4,0,0,Basico,Mensal,462.99,0
20,2024-11-04,20,M,7,16,0,5,Premium,Mensal,2979.85,0
21,2024-12-09,59,F,4,19,0,10,Basico,Mensal,313.61,0
22,2025-05-06,41,F,29,40,1,30,Basico,Anual,451.79,1
23,2025-02-17,48,M,14,45,2,15,Premium,Trimestral,5280.19,0
24,2025-01-20,27,F,3,11,2,10,Standard,Trimestral,1222.99,0
25,2024-07-10,30,M,24,5,2,10,Standard,Mensal,605.69,0
26,2024-10-03,60,M,37,16,0,30,Basico,Mensal,211.26,1
27,2024-06-09,56,M,16,18,5,0,Basico,Mensal,229.8,1
28,2025-04-04,33,M,58,25,3,0,Premium,Mensal,9560.98,0
29,2024-11-09,49,F,55,47,3,0,Standard,Mensal,924.0,0
30,2024-01-22,54,M,52,43,3,0,Standard,Trimestral,1191.3,0
31,2024-09-09,40,M,4,43,5,10,Basico,Mensal,368.52,1
32,2025-07-14,56,F,56,31,1,5,Basico,Mensal,164.87,0
33,2025-04-19,24,M,24,5,0,5,Premium,Mensal,5891.54,0
34,2024-02-28,38,F,34,35,2,0,Basico,Mensal,395.42,0
35,2025-05-25,33,F,30,37,2,10,Standard,Mensal,1800.28,0
36,2025-11-12,45,F,18,10,2,0,Basico,Anual,350.5,1
37,2025-04-20,23,M,19,32,1,10,Standard,Trimestral,1503.58,0
38,2025-11-30,44,F,31,23,0,5,Premium,Trimestral,3010.27,0
39,2024-07-08,64,F,19,22,1,0,Standard,Mensal,1918.66,0
40,2025-11-17,61,M,49,14,4,0,Basico,Mensal,153.03,0
41,2025-07-16,44,F,46,26,2,0,Standard,Mensal,1662.01,0
42,2025-07-20,37,F,19,10,1,15,Standard,Anual,897.22,0
43,2024-08-31,59,F,22,49,0,30,Basico,Trimestral,473.44,1
44,2025-05-19,27,F,24,16,1,5,Premium,Mensal,7759.68,0
45,2024-05-10,58,F,45,13,4,0,Standard,Mensal,1630.72,0
46,2025-04-29,59,M,12,26,2,0,Premium,Mensal,3752.47,1
47,2025-10-08,33,F,30,17,3,10,Standard,Trimestral,1164.56,0
48,2024-01-21,51,F,58,27,1,15,Basico,Anual,347.13,0
49,2024-06-15,57,M,38,46,2,0,Basico,Mensal,407.99,0
50,2024-09-30,52,M,53,46,0,0,Basico,Mensal,141.58,0
51,2025-01-22,42,M,31,3,2,10,Premium,Mensal,9698.92,0
52,2025-08-23,34,F,36,6,1,0,Standard,Mensal,1835.33,1
53,2024-11-11,52,M,19,44,1,0,Standard,Mensal,905.52,0
54,2024-01-14,44,F,48,34,2,0,Basico,Mensal,429.1,0
55,2024-08-29,36,F,45,47,5,5,Basico,Trimestral,307.33,0
56,2024-12-11,52,M,36,8,0,20,Standard,Trimestral,1192.71,0
57,2025-07-18,21,M,30,7,3,45,Basico,Mensal,225.77,1
58,2024-12-05,33,F,55,44,0,5,Basico,Trimestral,332.39,0
59,2024-04-01,59,M,49,16,1,5,Standard,Mensal,1594.83,1
60,2025-01-01,59,F,55,16,0,0,Basico,Mensal,264.37,0
61,2025-03-30,58,M,33,48,1,5,Basico,Mensal,351.69,0
62,2025-03-03,25,M,18,32,1,0,Basico,Mensal,379.73,0
63,2025-05-23,25,M,52,31,0,5,Basico,Mensal,384.45,0
64,2024-02-04,22,F,49,7,1,0,Premium,Mensal,2415.73,0
65,2024-07-24,26,M,59,18,4,0,Basico,Mensal,443.9,0
66,2024-03-21,27,F,28,37,0,0,Basico,Anual,283.3,0
67,2025-07-15,61,F,59,2,3,0,Basico,Mensal,204.97,0
68,2025-01-22,34,F,47,4,1,0,Standard,Mensal,862.65,0
69,2024-01-02,48,F,11,12,2,0,Basico,Mensal,293.21,1
70,2025-01-24,52,M,57,46,0,60,Standard,Trimestral,1830.25,0
71,2025-07-19,49,F,54,45,0,0,Basico,Mensal,251.34,0
72,2024-04-15,58,F,45,30,0,5,Basico,Trimestral,399.89,0
73,2025-04-21,46,M,33,15,0,20,Basico,Mensal,138.73,0
74,2025-12-03,55,F,17,49,0,60,Standard,Mensal,1214.09,1
75,2025-02-05,48,M,6,31,2,5,Premium,Mensal,9933.49,0
76,2025-12-30,57,F,4,21,4,15,Basico,Mensal,408.18,1
77,2025-07-09,52,M,20,28,3,0,Standard,Mensal,815.79,0
78,2024-06-10,56,F,48,21,2,0,Premium,Mensal,6011.53,0
79,2024-07-20,46,M,47,42,0,0,Basico,Mensal,193.45,0
80,2024-09-26,52,F,27,2,0,10,Standard,Mensal,1114.34,0
81,2024-09-27,23,F,15,9,1,10,Basico,Mensal,412.03,0
82,2025-03-31,41,M,6,41,0,0,Premium,Anual,8169.8,1
83,2025-04-06,21,M,47,20,1,0,Standard,Mensal,842.15,0
84,2025-12-27,29,M,14,15,1,5,Premium,Trimestral,9377.79,0
85,2024-09-08,24,M,11,11,1,0,Standard,Trimestral,1388.85,0
86,2025-12-02,29,F,39,1,1,5,Basico,Mensal,251.97,1
87,2024-10-22,52,F,9,40,3,10,Premium,Mensal,6015.48,0
88,2025-12-25,57,M,26,23,3,10,Basico,Mensal,342.03,0
89,2025-12-20,32,F,16,34,1,15,Basico,Trimestral,323.96,1
90,2024-12-03,50,M,5,29,4,20,Standard,Trimestral,1229.61,0
91,2024-02-22,55,M,57,29,5,0,Standard,Trimestral,1257.4,0
92,2024-08-04,64,F,52,46,1,10,Premium,Anual,3411.3,0
93,2024-07-06,43,F,10,34,1,5,Basico,Trimestral,425.09,0
94,2025-01-14,34,F,50,18,1,0,Standard,Mensal,1312.64,0
95,2025-05-07,48,F,3,49,5,0,Standard,Mensal,696.62,1
96,2024-02-10,27,F,13,7,4,0,Basico,Trimestral,406.46,0
97,2024-06-05,24,F,43,25,0,0,Basico,Mensal,472.98,0
98,2024-01-15,48,F,49,48,1,5,Basico,Mensal,478.92,0
99,2024-03-05,23,M,30,39,2,15,Basico,Trimestral,247.61,0
100,2025-06-04,31,M,54,6,1,0,Premium,Mensal,3084.13,0
101,2024-12-09,64,M,45,29,0,0,Standard,Anual,1277.6,1
102,2024-05-08,21,M,6,6,4,45,Standard,Trimestral,668.91,1
103,2025-10-09,46,M,17,2,2,0,Premium,Mensal,9471.9,0
104,2025-04-16,50,F,59,0,3,0,Basico,Anual,173.43,0
105,2024-03-03,55,M,45,35,4,5,Standard,Mensal,879.15,0
106,2024-05-18,55,M,51,24,2,5,Basico,Mensal,262.65,0
107,2025-05-13,45,M,53,36,1,0,Premium,Mensal,5065.32,0
108,2025-08-15,62,M,19,0,2,0,Basico,Mensal,417.87,0
109,2025-01-26,46,M,42,14,0,0,Premium,Mensal,5650.53,0
110,2025-11-05,24,M,35,36,2,5,Basico,Mensal,168.31,0
111,2025-02-22,39,M,46,12,0,5,Basico,Mensal,206.88,0
112,2024-10-15,30,F,26,39,2,0,Standard,Mensal,1263.67,0
113,2025-01-13,29,F,51,7,0,5,Basico,Trimestral,158.98,0
114,2025-05-04,59,M,5,4,0,15,Standard,Trimestral,1417.48,0
115,2024-08-18,57,F,29,8,0,0,Basico,Mensal,326.3,0
116,2024-02-10,25,F,37,0,0,0,Standard,Mensal,1572.05,0
117,2024-01-28,27,F,20,35,2,10,Basico,Mensal,475.08,0
118,2024-05-14,42,F,49,34,2,0,Basico,Mensal,464.9,0
119,2024-07-19,45,M,21,1,1,0,Basico,Trimestral,478.43,1
120,2024-02-02,62,F,10,39,0,5,Basico,Trimestral,197.89,0
121,2024-02-17,31,F,5,22,0,20,Basico,Mensal,152.63,0
122,2025-05-17,45,F,36,8,0,15,Basico,Mensal,220.91,1
123,2025-02-10,32,M,6,33,0,5,Basico,Mensal,458.03,0
124,2025-07-27,59,M,26,45,4,10,Basico,Trimestral,488.82,0
125,2025-12-28,37,M,4,13,0,0,Standard,Mensal,1788.99,0
126,2024-04-08,44,M,39,3,1,5,Premium,Anual,2880.14,0
127,2025-11-14,52,M,39,29,0,0,Basico,Trimestral,478.97,0
128,2025-12-26,59,M,50,30,0,0,Standard,Mensal,1135.04,0
129,2025-06-30,62,M,35,37,1,10,Standard,Mensal,513.97,0
130,2025-09-04,31,F,1,10,2,5,Basico,Anual,276.96,0
131,2025-04-06,63,F,24,34,0,0,Standard,Mensal,569.1,0
132,2025-10-04,55,F,57,7,0,30,Basico,Mensal,317.55,0
133,2024-01-05,23,M,36,2,1,0,Standard,Mensal,1007.83,0
134,2024-08-05,24,M,6,13,0,0,Basico,Trimestral,289.37,0
135,2025-05-17,56,M,41,12,0,0,Standard,Trimestral,1419.76,0
136,2025-02-01,27,M,54,44,5,15,Standard,Trimestral,1803.2,1
137,2025-01-27,61,M,46,31,2,10,Basico,Anual,364.76,0
138,2024-07-25,47,F,44,33,2,0,Basico,Anual,273.62,0
139,2024-01-15,50,F,57,44,1,10,Premium,Anual,8555.42,0
140,2025-07-07,28,M,31,18,1,0,Basico,Mensal,462.23,0
141,2025-04-05,48,M,20,37,1,15,Standard,Mensal,679.64,0
142,2025-11-21,33,M,24,15,2,0,Premium,Trimestral,6255.46,0
143,2025-07-28,59,M,25,1,2,0,Standard,Trimestral,926.77,0
144,2024-08-28,60,F,36,39,0,30,Standard,Trimestral,570.59,1
145,2025-07-17,41,M,21,16,1,0,Standard,Mensal,1502.82,0
146,2024-04-05,30,M,30,33,1,0,Premium,Trimestral,8902.17,0
147,2025-04-29,42,M,24,41,4,5,Basico,Trimestral,165.16,1
148,2025-02-10,20,M,44,15,2,45,Basico,Mensal,424.97,0
149,2024-08-18,56,F,42,37,1,0,Basico,Mensal,441.36,1
150,2025-10-16,40,M,30,1,0,0,Premium,Mensal,9314.72,1
151,2024-06-19,45,M,22,1,2,0,Standard,Mensal,897.93,0
152,2025-06-24,55,F,28,25,0,5,Basico,Mensal,461.58,0
153,2024-02-05,42,F,7,12,1,0,Premium,Mensal,4565.3,0
154,2025-06-08,20,F,35,46,0,10,Basico,Mensal,320.94,1
155,2024-06-08,59,M,55,30,2,60,Basico,Trimestral,120.2,1
156,2025-11-29,34,M,28,33,0,0,Standard,Trimestral,565.82,1
157,2024-08-30,40,F,14,38,1,0,Basico,Trimestral,388.15,0
158,2024-03-26,28,F,56,2,4,0,Premium,Mensal,5555.84,0
159,2025-07-31,28,F,10,7,0,0,Basico,Mensal,202.52,0
160,2025-11-12,29,F,16,22,1,20,Standard,Anual,785.62,0
161,2025-07-10,45,F,16,13,1,0,Standard,Mensal,1504.93,0
162,2025-07-27,60,F,54,26,0,0,Basico,Anual,100.16,0
163,2025-10-07,54,M,31,28,3,10,Premium,Trimestral,8447.13,1
164,2024-01-28,44,M,42,38,0,0,Standard,Mensal,618.87,0
165,2025-09-11,45,M,25,38,1,5,Basico,Anual,176.6,0
166,2025-07-09,30,F,13,0,2,0,Basico,Mensal,254.49,0
167,2024-12-05,57,F,6,16,2,15,Premium,Mensal,5878.87,0
168,2024-11-26,21,F,44,40,2,30,Basico,Trimestral,242.0,1
169,2025-10-01,26,F,9,29,0,5,Basico,Mensal,228.28,0
170,2025-05-20,37,F,45,12,0,45,Basico,Anual,485.57,0
171,2024-12-13,46,F,36,20,2,0,Basico,Mensal,356.63,0
172,2025-04-17,53,M,56,18,1,0,Standard,Mensal,535.15,0
173,2024-08-18,46,M,43,18,3,5,Basico,Mensal,272.07,0
174,2024-07-08,36,F,20,24,3,5,Basico,Trimestral,450.0,1
175,2024-08-12,62,M,18,21,3,0,Basico,Mensal,220.58,0
176,2025-01-19,63,F,58,30,1,0,Basico,Mensal,137.82,0
177,2025-01-11,43,M,43,16,1,0,Premium,Trimestral,8067.08,0
178,2024-10-09,44,F,57,22,3,0,Basico,Mensal,342.41,0
179,2025-09-24,26,F,21,31,1,0,Premium,Trimestral,6562.5,0
180,2025-09-19,25,M,4,9,0,10,Basico,Mensal,121.43,1
181,2024-09-15,43,M,50,9,4,0,Basico,Trimestral,156.2,1
182,2024-12-24,52,F,33,35,4,0,Premium,Trimestral,6980.4,0
183,2025-12-10,48,F,27,7,1,5,Basico,Mensal,183.13,0
184,2025-03-31,62,M,7,19,0,5,Standard,Mensal,1256.11,1
185,2025-02-14,41,M,6,31,1,20,Premium,Anual,6359.05,0
186,2025-10-10,45,F,15,49,3,5,Basico,Mensal,213.4,0
187,2024-11-13,47,M,18,13,4,0,Basico,Anual,479.37,0
188,2025-11-07,40,F,32,49,0,15,Standard,Mensal,1763.7,0
189,2024-08-12,26,F,56,27,0,5,Basico,Mensal,388.95,1
190,2024-08-21,36,F,11,45,4,0,Basico,Mensal,131.2,0
191,2025-11-14,39,F,20,23,1,5,Basico,Anual,142.45,0
192,2025-10-25,60,M,24,14,1,30,Basico,Mensal,297.11,0
193,2025-01-08,39,M,15,21,5,0,Standard,Anual,741.07,1
194,2025-11-02,41,M,48,29,0,0,Basico,Anual,491.31,0
195,2025-08-30,47,M,7,3,2,0,Basico,Mensal,163.41,0
196,2025-04-16,59,M,21,12,0,0,Standard,Mensal,1231.2,0
197,2024-08-20,26,M,42,22,1,0,Basico,Trimestral,245.65,0
198,2025-11-22,20,M,26,7,3,5,Basico,Mensal,355.75,1
199,2024-04-22,51,F,44,17,1,0,Standard,Trimestral,693.55,0
200,2025-05-11,32,M,56,11,8,30,Basico,Mensal,272.13,1
201,2025-03-17,49,M,14,30,2,15,Standard,Mensal,912.06,1
202,2025-07-17,42,F,57,13,1,5,Premium,Trimestral,9102.01,0
203,2024-09-24,38,M,37,33,0,15,Basico,Mensal,116.23,0
204,2025-05-24,51,M,58,17,1,0,Standard,Mensal,1870.59,0
205,2025-01-20,49,F,21,33,1,0,Basico,Mensal,433.2,0
206,2025-01-21,48,M,18,10,0,5,Basico,Mensal,219.03,0
207,2024-04-22,64,M,5,40,1,15,Premium,Mensal,8314.33,0
208,2025-09-04,48,M,3,11,1,15,Premium,Trimestral,2249.71,0
209,2025-09-16,49,F,23,48,2,0,Basico,Mensal,486.75,0
210,2024-03-21,35,M,26,14,2,30,Standard,Mensal,1289.89,0
211,2025-11-29,59,M,37,30,2,0,Premium,Trimestral,4426.25,0
212,2024-04-22,38,F,24,48,0,20,Premium,Mensal,4900.67,0
213,2024-01-02,37,M,49,28,0,45,Standard,Mensal,599.61,0
214,2025-10-03,20,F,19,25,2,0,Basico,Anual,495.74,0
215,2024-08-07,33,F,51,17,1,10,Basico,Trimestral,115.72,1
216,2025-07-19,21,M,25,31,0,0,Premium,Mensal,7239.26,0
217,2024-08-12,47,F,21,21,3,0,Basico,Trimestral,277.09,1
218,2025-01-19,49,F,12,37,3,5,Standard,Mensal,1923.37,0
219,2025-02-06,57,M,57,16,1,5,Basico,Trimestral,198.4,0
220,2025-09-29,23,F,41,22,0,30,Basico,Mensal,312.83,1
221,2024-05-09,20,F,33,23,3,10,Basico,Mensal,292.94,0
222,2024-02-22,27,M,50,49,2,0,Premium,Mensal,7622.93,0
223,2025-11-14,48,M,53,7,3,15,Basico,Mensal,127.2,0
224,2025-12-30,58,M,4,40,3,45,Standard,Mensal,790.68,0
225,2025-11-02,22,F,42,5,3,0,Basico,Anual,185.83,0
226,2025-12-10,51,M,57,4,1,60,Basico,Mensal,395.26,0
227,2025-02-19,29,F,7,43,0,0,Basico,Mensal,175.66,1
228,2024-09-03,29,F,22,28,2,15,Standard,Mensal,1360.24,0
229,2025-03-14,38,F,55,27,2,0,Basico,Mensal,186.1,0
230,2024-07-21,53,F,33,10,2,0,Basico,Trimestral,444.65,0
231,2024-07-02,52,F,17,0,0,0,Basico,Mensal,476.87,0
232,2024-05-02,42,F,24,42,0,5,Basico,Mensal,307.4,0
233,2025-02-04,47,F,34,18,4,0,Premium,Mensal,4818.47,1
234,2024-10-20,51,M,28,8,2,0,Premium,Trimestral,3872.46,0
235,2024-10-06,26,M,58,26,4,5,Basico,Mensal,119.91,1
236,2025-09-01,48,F,43,33,3,30,Standard,Mensal,902.75,0
237,2024-07-16,27,F,41,43,2,0,Premium,Mensal,7233.89,0
238,2025-05-25,20,M,39,3,2,0,Basico,Mensal,313.45,0
239,2024-05-23,22,F,22,35,4,0,Standard,Mensal,1916.06,1
240,2025-08-31,43,M,49,17,2,0,Premium,Trimestral,5170.22,0
241,2024-07-19,42,M,17,14,2,15,Basico,Trimestral,377.55,0
242,2024-05-03,27,M,34,12,0,15,Basico,Trimestral,295.73,0
243,2024-07-05,56,F,6,18,1,5,Premium,Mensal,6100.61,1
244,2024-11-21,22,F,46,48,2,0,Standard,Mensal,901.66,0
245,2025-04-08,52,M,6,5,0,15,Basico,Mensal,281.98,1
246,2024-12-14,47,M,34,47,0,5,Basico,Anual,288.31,0
247,2025-10-21,27,M,1,11,1,15,Basico,Mensal,382.66,0
248,2025-02-06,53,M,10,36,0,5,Standard,Trimestral,1910.96,0
249,2024-12-11,54,M,21,16,0,15,Standard,Mensal,993.98,1
250,2025-05-25,51,F,5,22,1,5,Premium,Mensal,2337.6,0
251,2024-05-26,43,M,2,25,4,0,Basico,Mensal,298.52,1
252,2024-05-27,33,F,22,28,1,45,Standard,Mensal,1316.69,1
253,2025-12-11,51,M,48,32,0,5,Standard,Anual,752.66,0
254,2025-05-03,62,F,57,26,0,5,Basico,Anual,404.19,0
255,2025-10-01,35,F,2,24,2,0,Basico,Mensal,493.97,0
256,2025-07-04,23,F,10,9,1,5,Premium,Mensal,9566.2,0
257,2024-12-03,56,F,34,46,3,5,Premium,Anual,3576.85,0
258,2025-10-02,40,F,16,22,2,0,Basico,Trimestral,450.15,0
259,2025-04-17,33,F,48,20,3,0,Standard,Mensal,1556.74,0
260,2024-05-30,50,M,51,20,0,5,Basico,Mensal,281.54,0
261,2025-02-18,37,F,39,42,2,15,Standard,Mensal,1310.92,0
262,2024-10-24,26,M,22,12,0,5,Standard,Mensal,1774.4,0
263,2025-09-02,29,F,12,36,5,0,Standard,Mensal,1220.2,0
264,2024-09-19,26,F,24,32,2,10,Premium,Mensal,4985.66,1
265,2024-05-23,52,M,47,23,1,0,Standard,Mensal,1239.87,0
266,2024-12-11,42,F,40,43,0,0,Basico,Mensal,331.65,0
267,2025-09-15,40,M,38,10,0,0,Standard,Mensal,783.62,0
268,2025-07-25,38,M,59,16,2,0,Basico,Trimestral,460.36,0
269,2024-01-02,38,M,10,3,0,0,Basico,Trimestral,369.67,0
270,2024-10-30,55,M,35,46,2,0,Basico,Mensal,353.31,0
271,2024-09-10,48,F,51,24,0,0,Basico,Anual,139.8,0
272,2025-10-13,37,F,49,29,2,0,Standard,Anual,1406.26,0
273,2025-03-28,21,M,32,8,3,5,Basico,Mensal,148.38,0
274,2024-02-06,20,F,7,20,3,0,Standard,Mensal,618.05,0
275,2024-06-08,24,F,21,19,3,0,Standard,Trimestral,1290.97,0
276,2024-01-09,39,M,20,18,0,15,Basico,Trimestral,261.11,0
277,2024-08-20,30,F,26,18,0,0,Standard,Anual,1383.22,0
278,2024-04-08,61,M,4,11,2,5,Basico,Anual,135.69,0
279,2025-10-20,21,M,46,36,1,0,Basico,Trimestral,272.39,0
280,2024-07-26,22,F,52,41,1,0,Standard,Mensal,762.18,0
281,2024-05-10,42,F,22,16,0,5,Basico,Mensal,494.84,0
282,2025-02-07,31,F,15,36,0,5,Basico,Mensal,324.46,1
283,2024-05-31,39,M,56,47,0,20,Standard,Mensal,1531.16,0
284,2024-02-23,24,M,40,38,4,5,Standard,Trimestral,988.13,0
285,2024-04-29,56,F,21,27,0,45,Basico,Mensal,137.9,0
286,2025-11-03,57,F,15,40,2,0,Premium,Trimestral,9806.97,0
287,2025-09-19,49,F,22,34,0,0,Standard,Mensal,929.39,0
288,2025-08-09,28,F,52,46,2,0,Premium,Mensal,5390.47,0
289,2025-09-16,53,M,28,47,1,0,Basico,Mensal,359.95,0
290,2025-02-23,63,F,14,17,4,5,Standard,Mensal,537.05,0
291,2025-02-25,54,M,27,13,4,5,Premium,Trimestral,8482.07,1
292,2024-04-13,41,M,41,34,1,0,Standard,Trimestral,1304.87,0
293,2024-09-10,63,F,40,43,4,30,Standard,Anual,917.33,1
294,2024-08-14,43,F,58,40,8,15,Basico,Mensal,124.64,1
295,2024-04-21,36,F,28,6,3,0,Basico,Mensal,165.0,0
296,2025-05-24,29,M,26,40,3,0,Basico,Mensal,458.01,0
297,2025-04-17,49,F,49,12,0,0,Basico,Mensal,374.41,0
298,2024-04-08,42,F,2,17,2,0,Premium,Anual,3999.21,1
299,2024-06-01,51,M,25,36,0,0,Basico,Trimestral,126.24,0
300,2024-12-03,36,F,56,12,0,5,Premium,Anual,7524.92,1
301,2025-12-06,36,M,3,35,8,0,Premium,Mensal,6579.26,1
302,2024-06-11,33,F,8,30,1,0,Basico,Anual,261.81,0
303,2025-12-20,28,M,44,1,2,60,Basico,Mensal,245.44,1
304,2025-11-11,59,F,33,15,3,10,Premium,Anual,3734.51,0
305,2024-06-09,21,F,42,8,4,30,Premium,Mensal,7356.89,0
306,2025-08-02,64,M,52,8,8,0,Basico,Mensal,488.27,0
307,2025-02-01,44,M,35,37,0,0,Basico,Mensal,170.29,0
308,2024-10-03,58,F,6,10,0,5,Standard,Anual,1395.67,0
309,2025-05-18,28,M,39,21,1,0,Standard,Mensal,1136.28,0
310,2025-01-26,41,M,52,32,0,0,Basico,Mensal,278.68,1
311,2024-05-14,62,M,23,35,0,10,Standard,Anual,881.22,0
312,2024-07-13,23,M,25,44,1,5,Basico,Mensal,430.05,0
313,2025-02-04,45,F,59,22,3,0,Basico,Mensal,294.1,0
314,2025-10-01,48,F,50,44,2,0,Basico,Mensal,317.36,0
315,2024-02-02,64,M,43,44,1,0,Basico,Mensal,221.9,0
316,2025-11-18,53,M,19,33,2,0,Basico,Anual,172.72,0
317,2025-04-04,42,M,5,8,0,0,Basico,Trimestral,134.36,0
318,2025-04-14,56,M,51,23,0,0,Basico,Mensal,385.65,0
319,2025-01-09,30,F,11,7,3,0,Basico,Anual,178.49,0
320,2024-01-22,25,F,56,6,2,45,Basico,Mensal,376.03,0
321,2025-10-31,37,M,12,35,3,5,Premium,Mensal,5123.01,0
322,2024-02-07,40,M,10,17,0,10,Basico,Mensal,266.31,0
323,2024-08-17,61,M,8,2,3,0,Basico,Mensal,287.67,0
324,2024-12-30,55,F,24,27,2,0,Standard,Mensal,1051.56,0
325,2025-07-16,60,M,28,5,2,0,Premium,Anual,2804.96,0
326,2025-03-13,57,F,41,43,2,0,Basico,Trimestral,223.85,1
327,2024-10-09,53,M,36,43,4,0,Standard,Mensal,1495.6,0
328,2024-01-27,36,F,37,20,2,15,Standard,Mensal,1498.68,0
329,2024-08-13,56,M,21,27,2,10,Standard,Trimestral,929.34,0
330,2024-10-03,44,F,8,39,7,5,Basico,Anual,284.04,1
331,2025-08-31,57,M,55,0,3,0,Standard,Anual,790.17,0
332,2024-10-10,31,M,9,35,1,30,Basico,Mensal,184.15,1
333,2025-04-25,42,M,47,20,2,0,Standard,Trimestral,534.57,1
334,2025-03-28,61,F,15,42,1,0,Standard,Mensal,1845.12,0
335,2025-10-20,41,M,48,34,0,0,Basico,Mensal,184.28,0
336,2025-05-30,40,F,46,12,2,15,Standard,Mensal,841.3,0
337,2025-06-30,46,F,40,48,4,60,Basico,Mensal,211.84,1
338,2024-07-10,50,M,18,9,4,0,Standard,Mensal,691.11,0
339,2024-02-18,25,M,42,43,1,20,Basico,Mensal,355.71,0
340,2025-05-26,46,M,20,46,1,15,Basico,Mensal,130.06,0
341,2024-01-17,59,F,6,9,0,0,Basico,Trimestral,153.68,0
342,2024-06-20,53,M,12,45,8,0,Premium,Mensal,7158.05,0
343,2024-08-07,31,F,2,12,6,0,Basico,Mensal,235.86,0
344,2024-06-06,64,F,7,36,2,45,Basico,Mensal,383.18,0
345,2025-04-21,26,M,16,37,3,0,Basico,Anual,322.97,0
346,2024-02-15,29,M,3,23,2,15,Standard,Mensal,884.03,1
347,2025-01-07,64,M,45,1,2,0,Standard,Mensal,1476.24,0
348,2025-06-01,36,M,3,21,0,10,Basico,Mensal,146.51,1
349,2024-04-08,45,M,27,16,1,0,Basico,Trimestral,314.56,0
350,2024-02-06,40,M,50,35,2,5,Basico,Anual,274.86,0
351,2024-10-06,47,F,43,13,2,15,Basico,Mensal,207.15,0
352,2024-12-14,21,F,40,9,1,15,Basico,Mensal,341.6,0
353,2025-05-11,62,F,38,34,5,20,Standard,Anual,1807.0,1
354,2024-10-28,20,M,33,24,0,0,Basico,Mensal,499.56,0
355,2024-06-29,55,F,28,2,1,10,Basico,Trimestral,343.11,0
356,2025-08-29,45,F,1,46,2,0,Basico,Mensal,261.88,0
357,2024-04-08,48,F,55,37,2,0,Premium,Mensal,3801.66,1
358,2025-11-30,40,F,8,16,2,5,Premium,Mensal,4056.77,0
359,2024-04-25,30,F,37,11,0,0,Standard,Mensal,1219.18,1
360,2024-07-09,59,M,32,23,0,5,Basico,Trimestral,246.91,1
361,2024-09-09,30,M,48,28,2,60,Basico,Anual,465.53,1
362,2024-06-09,55,F,43,42,2,0,Basico,Mensal,247.32,0
363,2024-09-12,58,F,37,24,0,10,Basico,Trimestral,249.38,1
364,2024-11-18,59,F,4,35,2,0,Standard,Mensal,1075.3,0
365,2024-05-07,54,M,30,25,1,0,Standard,Mensal,1754.93,0
366,2024-01-18,53,M,6,37,2,0,Premium,Mensal,7206.31,0
367,2025-07-19,43,F,46,0,3,30,Standard,Anual,1421.25,0
368,2025-07-23,41,M,54,19,0,20,Basico,Trimestral,233.66,0
369,2024-11-18,24,M,19,27,0,30,Standard,Trimestral,1726.86,0
370,2025-11-16,52,F,32,15,3,60,Basico,Trimestral,115.35,1
371,2025-09-17,55,M,9,46,2,0,Basico,Trimestral,448.32,0
372,2024-10-14,39,M,12,16,2,0,Standard,Anual,1269.12,0
373,2025-10-24,38,F,11,39,3,10,Basico,Trimestral,259.3,1
374,2025-09-30,54,M,46,27,3,0,Basico,Anual,298.87,0
375,2024-06-03,62,M,55,11,5,0,Basico,Mensal,366.97,0
376,2025-05-04,36,F,16,26,1,0,Standard,Mensal,519.15,0
377,2025-01-20,64,M,1,41,1,5,Standard,Mensal,1807.33,0
378,2024-04-13,62,M,45,46,1,5,Basico,Mensal,278.7,1
379,2025-01-27,53,F,55,29,0,0,Standard,Mensal,1014.45,0
380,2024-09-02,28,F,53,40,2,0,Basico,Mensal,155.3,0
381,2024-06-24,45,F,21,33,0,5,Basico,Trimestral,275.79,1
382,2024-02-08,21,M,30,36,4,5,Standard,Mensal,1244.48,1
383,2025-04-21,28,F,13,5,2,0,Standard,Mensal,1105.47,0
384,2025-11-12,28,M,34,6,2,10,Premium,Mensal,7429.28,1
385,2025-06-21,59,F,4,31,1,0,Basico,Anual,268.36,0
386,2025-02-11,36,M,28,31,0,0,Standard,Mensal,1942.13,0
387,2025-06-08,20,F,38,24,0,15,Standard,Mensal,1398.92,0
388,2025-05-20,44,F,58,32,1,5,Premium,Trimestral,8459.82,0
389,2024-02-05,62,F,31,6,0,0,Basico,Trimestral,143.74,0
390,2025-11-15,59,F,59,11,2,10,Standard,Mensal,1095.94,0
391,2024-01-20,61,M,55,15,4,5,Standard,Mensal,1005.27,0
392,2024-11-16,44,F,27,15,4,15,Basico,Mensal,327.79,1
393,2025-05-26,58,F,5,42,2,10,Basico,Anual,444.45,0
394,2025-02-03,54,M,25,35,0,5,Basico,Mensal,131.34,1
395,2025-10-15,22,F,3,12,4,0,Standard,Mensal,608.86,1
396,2025-04-15,56,M,33,6,4,0,Premium,Mensal,8802.54,0
397,2024-05-22,63,F,4,35,0,0,Standard,Mensal,819.28,0
398,2024-04-01,63,F,25,46,2,0,Standard,Trimestral,1503.13,0
399,2024-12-19,49,F,20,8,0,5,Standard,Mensal,1314.32,0
400,2025-12-27,57,M,34,31,3,5,Basico,Mensal,433.16,0
401,2024-02-20,53,F,26,10,8,0,Basico,Mensal,150.04,0
402,2025-10-26,31,F,5,7,0,0,Basico,Mensal,151.91,1
403,2025-11-28,38,F,35,32,4,0,Basico,Mensal,322.73,0
404,2025-07-28,56,M,28,22,2,0,Basico,Trimestral,478.55,0
405,2024-07-08,63,M,29,24,6,10,Standard,Trimestral,1122.5,0
406,2024-05-04,36,F,9,7,1,0,Basico,Anual,230.78,0
407,2024-05-29,29,M,52,44,3,5,Basico,Anual,342.68,1
408,2024-11-09,31,F,38,21,0,30,Basico,Trimestral,472.18,0
409,2025-07-23,35,F,50,3,1,0,Basico,Mensal,434.77,0
410,2024-12-07,43,F,6,39,0,0,Premium,Trimestral,9963.87,0
411,2024-10-31,38,F,19,2,6,0,Premium,Trimestral,2180.55,1
412,2025-11-22,27,F,44,28,3,5,Standard,Trimestral,669.29,0
413,2025-11-12,50,F,57,40,4,5,Basico,Mensal,343.79,0
414,2024-02-23,40,F,11,28,5,0,Standard,Mensal,1730.86,0
415,2025-03-19,36,M,2,33,0,5,Standard,Trimestral,927.87,1
416,2025-09-04,42,M,47,33,1,20,Standard,Trimestral,858.82,1
417,2024-09-20,56,M,44,27,0,0,Basico,Anual,414.79,0
418,2024-02-22,35,M,44,12,0,0,Standard,Mensal,584.57,0
419,2025-07-25,25,M,9,14,0,20,Standard,Mensal,1054.07,0
420,2025-09-11,27,M,21,22,1,5,Standard,Mensal,1258.71,0
421,2024-01-05,44,M,24,43,0,20,Standard,Trimestral,1340.52,0
422,2024-04-12,37,F,34,25,0,5,Basico,Mensal,391.45,0
423,2024-07-14,44,F,22,3,0,15,Standard,Mensal,1032.27,0
424,2024-12-15,31,F,3,25,0,0,Basico,Anual,345.07,0
425,2024-02-16,34,F,12,39,6,10,Standard,Mensal,1378.06,0
426,2025-10-17,45,M,28,8,3,30,Basico,Trimestral,319.05,1
427,2024-09-25,60,M,30,4,5,5,Basico,Mensal,356.19,0
428,2025-01-04,64,F,26,31,1,0,Basico,Trimestral,203.78,0
429,2025-09-27,45,F,48,19,0,0,Standard,Mensal,626.97,0
430,2024-04-15,51,M,21,49,3,0,Basico,Anual,147.71,0
431,2025-10-31,29,F,28,10,1,0,Standard,Anual,836.87,0
432,2025-10-20,35,F,56,14,0,0,Standard,Mensal,1250.3,0
433,2025-10-18,26,F,26,31,0,5,Basico,Mensal,436.18,0
434,2024-04-29,36,F,33,27,0,5,Basico,Mensal,380.52,0
435,2025-08-26,42,M,21,21,0,0,Basico,Trimestral,415.62,0
436,2024-02-27,45,F,35,40,1,5,Premium,Anual,4807.8,1
437,2024-12-11,40,F,52,16,2,0,Standard,Mensal,1106.98,0
438,2025-04-18,41,M,34,25,0,0,Basico,Trimestral,257.47,0
439,2024-04-26,26,M,41,43,0,0,Basico,Mensal,176.75,0
440,2024-05-06,33,F,51,6,3,5,Standard,Trimestral,591.82,0
441,2025-01-27,34,M,47,41,0,0,Premium,Anual,6727.33,0
442,2025-10-02,26,F,18,25,1,0,Standard,Mensal,1983.83,0
443,2024-02-27,28,F,58,24,4,0,Standard,Mensal,750.24,0
444,2025-09-25,27,M,11,9,0,15,Basico,Mensal,118.67,0
445,2025-05-27,42,F,57,44,0,0,Basico,Mensal,411.81,0
446,2024-04-05,48,F,23,18,1,5,Basico,Mensal,201.03,0
447,2025-09-29,37,F,48,10,1,10,Basico,Mensal,431.86,0
448,2024-04-27,50,F,22,12,2,15,Basico,Mensal,381.57,0
449,2025-07-13,49,M,17,7,3,30,Basico,Mensal,478.27,1
450,2025-08-23,58,M,5,39,0,0,Basico,Mensal,263.57,0
451,2025-05-02,54,F,44,3,2,0,Premium,Mensal,7295.76,0
452,2024-08-24,37,M,11,46,1,20,Standard,Mensal,1197.28,0
453,2024-09-28,61,F,30,30,0,0,Standard,Trimestral,1445.88,0
454,2024-07-07,58,F,15,27,2,5,Standard,Trimestral,1174.4,0
455,2025-12-04,36,F,27,10,0,10,Basico,Mensal,175.45,0
456,2025-03-22,33,F,35,42,1,10,Standard,Mensal,1261.85,0
457,2025-08-03,50,F,33,0,0,30,Basico,Trimestral,311.43,1
458,2024-09-03,43,M,20,48,1,60,Standard,Anual,1715.91,0
459,2024-03-16,54,F,16,46,1,10,Basico,Mensal,394.21,0
460,2024-06-02,63,M,34,37,3,0,Premium,Mensal,7310.33,1
461,2025-10-17,64,M,2,23,0,20,Basico,Mensal,145.35,1
462,2025-03-10,53,F,35,46,1,0,Basico,Mensal,388.25,1
463,2024-03-26,22,F,40,30,1,0,Premium,Mensal,6002.44,0
464,2025-11-27,56,F,56,40,2,20,Basico,Mensal,457.64,0
465,2024-10-11,62,F,28,45,2,0,Standard,Trimestral,1879.81,1
466,2024-08-07,59,F,47,49,2,0,Standard,Mensal,582.73,1
467,2024-03-09,45,M,39,25,3,0,Standard,Mensal,1730.96,0
468,2024-02-16,42,F,6,48,4,20,Premium,Mensal,2301.58,0
469,2024-04-03,63,F,9,49,1,5,Premium,Mensal,4937.36,0
470,2025-03-28,58,M,20,4,1,10,Basico,Mensal,316.92,0
471,2024-07-22,34,M,1,19,3,0,Standard,Mensal,722.15,0
472,2024-08-05,23,F,8,40,6,15,Standard,Anual,1619.47,0
473,2025-04-18,48,M,55,10,4,15,Standard,Mensal,512.53,1
474,2025-03-07,41,F,23,32,1,0,Basico,Trimestral,167.44,0
475,2024-12-06,44,M,3,49,0,0,Standard,Anual,1371.2,0
476,2025-07-04,32,M,4,37,1,0,Premium,Mensal,7715.1,0
477,2025-09-03,37,F,58,26,2,45,Premium,Mensal,9333.14,0
478,2024-10-15,52,M,25,33,1,5,Basico,Mensal,382.2,0
479,2024-09-10,35,M,47,14,1,30,Basico,Anual,368.71,0
480,2024-12-22,64,M,38,31,3,0,Basico,Anual,257.74,0
481,2024-01-23,61,M,15,20,1,15,Standard,Trimestral,501.93,1
482,2025-06-05,63,M,21,45,4,15,Standard,Mensal,680.24,0
483,2024-04-09,21,M,35,4,1,10,Basico,Trimestral,313.82,0
484,2024-06-28,54,F,57,5,1,45,Basico,Mensal,370.05,0
485,2024-08-10,61,F,53,37,1,0,Basico,Mensal,266.98,0
486,2025-10-20,53,M,53,21,3,0,Basico,Mensal,392.27,0
487,2025-03-17,49,F,46,17,0,10,Premium,Mensal,6174.9,0
488,2025-08-30,32,F,52,13,0,10,Standard,Trimestral,611.26,0
489,2024-11-20,32,F,14,9,5,5,Basico,Mensal,176.81,1
490,2025-05-30,37,M,36,45,0,0,Standard,Mensal,1760.0,0
491,2024-01-16,51,F,12,12,2,5,Basico,Mensal,389.97,0
492,2024-12-01,51,M,17,30,2,0,Premium,Anual,9158.1,1
493,2024-09-14,54,F,39,29,1,0,Basico,Trimestral,147.02,0
494,2025-05-11,58,M,9,2,2,5,Basico,Mensal,496.09,0
495,2024-06-08,48,M,35,29,0,10,Basico,Mensal,183.76,0
496,2025-04-19,48,F,13,5,2,0,Standard,Mensal,517.67,0
497,2025-10-25,63,F,15,28,1,0,Standard,Anual,1996.13,0
498,2025-11-20,35,M,18,7,2,0,Standard,Mensal,921.61,0
499,2025-11-05,63,F,51,43,0,0,Basico,Mensal,367.21,0
500,2025-01-14,29,F,33,44,2,15,Basico,Mensal,170.67,1
501,2025-06-28,49,F,6,42,0,30,Basico,Mensal,332.09,1
502,2025-11-21,44,M,59,43,0,0,Standard,Trimestral,1856.05,0
503,2025-03-02,58,M,27,32,0,15,Basico,Mensal,228.07,0
504,2025-09-04,39,F,23,16,0,20,Standard,Mensal,1505.38,0
505,2024-09-24,24,F,59,47,3,15,Premium,Mensal,3503.23,0
506,2025-07-30,20,F,27,10,0,0,Premium,Mensal,6998.36,0
507,2025-02-20,49,M,34,12,4,45,Basico,Anual,234.58,0
508,2024-06-16,22,M,56,49,5,0,Basico,Mensal,184.48,1
509,2024-02-12,64,F,46,10,2,0,Basico,Anual,225.27,0
510,2025-07-09,33,F,38,30,0,0,Standard,Trimestral,768.26,1
511,2024-10-11,49,F,14,27,1,0,Standard,Mensal,1852.87,1
512,2025-01-31,23,F,36,43,3,0,Basico,Mensal,258.87,0
513,2024-01-12,37,F,53,5,1,0,Basico,Mensal,198.11,0
514,2025-08-29,56,F,8,40,0,0,Standard,Trimestral,1172.61,1
515,2024-10-28,44,M,35,15,2,15,Premium,Mensal,4564.29,1
516,2024-09-09,20,F,19,3,3,20,Basico,Mensal,397.77,0
517,2025-05-13,34,M,30,34,3,0,Standard,Mensal,1956.83,0
518,2024-02-04,28,F,14,47,0,20,Basico,Trimestral,275.21,0
519,2025-12-27,34,F,59,25,2,20,Basico,Mensal,444.41,1
520,2024-03-30,43,M,20,11,0,15,Premium,Mensal,6526.9,0
521,2025-08-27,23,M,49,10,0,0,Standard,Mensal,735.85,0
522,2025-08-24,31,M,25,36,4,10,Standard,Mensal,1535.93,1
523,2025-02-21,56,M,40,24,0,30,Basico,Trimestral,305.37,0
524,2024-04-24,56,F,24,17,0,10,Standard,Mensal,1475.91,0
525,2025-09-08,62,M,14,18,0,0,Basico,Trimestral,455.87,0
526,2024-07-14,25,F,26,22,4,5,Basico,Trimestral,276.17,1
527,2025-05-15,58,M,38,37,3,5,Standard,Mensal,1851.77,0
528,2025-09-17,43,F,23,17,2,5,Basico,Trimestral,400.27,0
529,2025-05-07,30,F,22,25,3,0,Standard,Mensal,1232.91,0
530,2024-03-15,32,F,48,5,0,0,Standard,Mensal,1404.83,0
531,2025-02-16,53,F,57,3,1,15,Basico,Trimestral,230.23,0
532,2025-01-10,44,F,19,43,1,20,Basico,Mensal,493.44,0
533,2025-02-23,26,F,46,28,0,0,Basico,Trimestral,366.94,0
534,2025-12-29,23,M,51,33,1,45,Basico,Mensal,117.54,1
535,2024-10-03,27,F,3,16,4,0,Standard,Anual,989.93,1
536,2025-11-06,39,M,42,42,0,10,Standard,Mensal,1434.97,0
537,2025-01-28,48,M,19,42,0,15,Basico,Mensal,122.53,0
538,2025-04-01,64,F,9,15,0,15,Basico,Mensal,109.55,0
539,2024-07-10,29,M,28,1,0,30,Standard,Trimestral,1175.04,1
540,2025-11-19,62,F,20,33,4,0,Standard,Trimestral,999.04,0
541,2024-04-08,53,M,45,7,1,20,Basico,Mensal,275.32,0
542,2025-07-01,45,F,7,12,1,0,Basico,Anual,205.08,0
543,2024-04-05,60,M,14,41,3,10,Standard,Mensal,747.08,0
544,2025-10-25,22,F,9,7,0,10,Basico,Mensal,375.66,0
545,2025-10-24,25,F,59,29,1,10,Basico,Anual,305.83,0
546,2024-07-08,24,F,55,31,1,0,Standard,Anual,800.23,0
547,2024-02-06,24,F,57,35,2,20,Standard,Trimestral,979.38,1
548,2025-01-03,42,M,19,46,8,0,Standard,Anual,1387.71,0
549,2025-11-25,28,F,47,29,3,0,Standard,Mensal,608.34,0
550,2025-06-08,54,M,52,0,1,10,Standard,Anual,721.18,0
551,2024-10-05,39,M,14,42,3,0,Basico,Mensal,129.3,0
552,2024-08-04,61,M,56,38,0,15,Basico,Mensal,424.93,0
553,2024-09-29,54,F,38,16,0,0,Basico,Mensal,400.96,0
554,2024-03-02,37,M,53,19,0,0,Basico,Mensal,401.33,0
555,2025-08-18,36,M,36,23,1,15,Standard,Mensal,1574.49,0
556,2025-12-29,43,M,40,49,1,5,Premium,Mensal,7355.08,0
557,2024-12-07,22,F,17,21,2,0,Premium,Mensal,5815.94,0
558,2025-01-31,51,F,30,28,4,10,Standard,Mensal,1463.42,1
559,2025-11-29,54,M,9,21,1,5,Basico,Mensal,115.34,0
560,2024-01-19,57,F,33,43,1,5,Basico,Mensal,348.59,0
561,2024-06-25,32,F,56,8,0,0,Standard,Mensal,1666.82,0
562,2025-09-03,44,M,52,36,0,15,Standard,Trimestral,1250.54,0
563,2025-01-30,28,M,25,9,2,15,Standard,Anual,1036.27,0
564,2025-03-20,23,F,14,35,1,10,Standard,Trimestral,916.14,0
565,2024-08-20,33,M,11,36,3,0,Standard,Mensal,1464.2,0
566,2024-03-16,56,F,53,27,0,15,Standard,Trimestral,1539.2,0
567,2024-09-21,53,F,35,27,0,10,Basico,Mensal,448.39,0
568,2025-03-30,30,F,41,41,1,10,Standard,Mensal,1013.5,1
569,2025-12-18,60,F,59,42,0,0,Premium,Mensal,8158.18,0
570,2025-01-18,22,F,14,20,0,20,Basico,Trimestral,324.54,0
571,2025-07-17,47,F,30,23,2,10,Standard,Mensal,1824.25,0
572,2025-05-20,48,M,41,41,0,0,Basico,Mensal,311.12,0
573,2025-01-01,28,M,4,39,2,0,Premium,Mensal,6141.04,0
574,2024-05-23,22,F,59,1,0,20,Basico,Anual,331.15,0
575,2024-03-09,44,F,4,7,0,0,Standard,Trimestral,1623.97,0
576,2024-04-08,53,F,28,47,1,45,Basico,Mensal,485.88,0
577,2025-01-30,31,M,8,26,3,10,Standard,Mensal,610.35,0
578,2024-01-25,61,F,2,21,1,5,Basico,Mensal,121.37,0
579,2025-04-13,28,M,41,36,3,0,Basico,Trimestral,475.02,0
580,2025-04-28,34,F,46,26,0,0,Basico,Mensal,311.95,0
581,2025-07-18,59,F,22,28,3,30,Premium,Anual,6919.22,0
582,2024-05-30,44,M,41,2,0,0,Basico,Mensal,292.97,0
583,2024-05-23,24,M,56,43,2,15,Basico,Trimestral,137.46,0
584,2025-07-22,30,F,55,12,2,0,Standard,Mensal,1652.13,0
585,2024-02-08,53,F,16,44,4,0,Standard,Mensal,1620.84,0
586,2024-04-18,43,F,29,9,1,0,Premium,Mensal,4493.63,0
587,2025-11-23,34,M,49,35,0,5,Basico,Mensal,222.5,0
588,2024-02-11,57,M,48,8,0,45,Standard,Mensal,1756.76,0
589,2024-07-04,27,M,30,26,3,0,Basico,Trimestral,128.94,0
590,2025-02-01,24,M,12,33,1,0,Basico,Mensal,452.44,0
591,2024-08-10,45,M,35,0,3,0,Standard,Trimestral,884.99,0
592,2025-09-25,37,M,11,31,0,5,Standard,Trimestral,1389.48,0
593,2024-05-12,25,F,46,24,1,0,Standard,Mensal,1903.99,0
594,2024-06-11,56,F,50,28,0,20,Basico,Trimestral,371.25,0
595,2024-08-02,32,M,21,6,5,5,Basico,Trimestral,265.77,1
596,2024-08-22,47,F,21,48,2,5,Basico,Mensal,375.81,0
597,2025-10-19,24,F,5,2,5,0,Premium,Trimestral,4751.84,0
598,2025-08-10,32,M,48,19,0,60,Basico,Mensal,210.9,1
599,2024-01-09,36,F,20,19,2,0,Basico,Mensal,498.67,1
600,2024-03-14,59,M,37,29,2,0,Basico,Trimestral,400.32,0
601,2025-05-06,64,M,3,34,1,10,Standard,Mensal,1467.08,0
602,2024-09-09,51,F,44,34,3,5,Basico,Mensal,242.12,0
603,2024-08-17,48,M,33,48,5,0,Premium,Mensal,2393.29,0
604,2025-06-02,22,M,53,38,4,0,Basico,Trimestral,112.42,0
605,2024-06-22,59,M,9,26,2,15,Premium,Anual,6433.45,1
606,2025-10-14,53,M,9,25,0,0,Basico,Mensal,404.81,0
607,2024-06-16,59,M,4,13,0,15,Standard,Trimestral,1306.07,0
608,2024-06-18,46,M,35,16,5,5,Premium,Anual,8726.28,1
609,2025-01-27,32,M,17,17,0,0,Basico,Mensal,113.37,0
610,2025-09-25,64,M,34,44,2,0,Premium,Mensal,4934.02,0
611,2024-07-12,52,F,24,28,2,0,Basico,Trimestral,194.83,0
612,2025-05-31,25,F,32,19,2,15,Premium,Trimestral,5578.18,0
613,2024-01-29,43,F,1,26,7,5,Standard,Anual,608.56,1
614,2024-06-13,38,M,8,17,1,0,Basico,Mensal,481.65,1
615,2025-02-25,35,M,45,3,1,5,Basico,Mensal,189.3,0
616,2024-12-04,59,F,23,0,0,60,Basico,Mensal,468.92,0
617,2025-10-09,47,F,47,49,1,0,Basico,Mensal,270.36,0
618,2025-05-10,52,F,40,0,0,30,Basico,Mensal,494.21,0
619,2024-12-30,60,M,12,25,1,0,Basico,Trimestral,321.62,0
620,2024-12-07,32,F,54,44,3,0,Basico,Mensal,472.33,0
621,2025-05-14,62,F,12,19,5,0,Standard,Trimestral,508.02,0
622,2025-10-18,64,M,46,22,0,0,Basico,Mensal,399.3,0
623,2025-05-25,44,F,47,9,1,0,Basico,Mensal,461.22,0
624,2024-11-22,61,M,15,10,4,0,Standard,Mensal,709.58,1
625,2024-08-04,55,M,41,40,0,30,Basico,Mensal,138.45,0
626,2024-10-27,46,M,19,40,0,15,Basico,Mensal,269.83,0
627,2024-05-11,57,F,26,4,0,10,Basico,Anual,473.47,0
628,2024-03-10,26,F,52,0,2,0,Premium,Trimestral,6339.09,0
629,2024-09-08,24,M,29,16,0,0,Standard,Mensal,1291.18,0
630,2025-02-18,62,F,22,21,5,0,Basico,Mensal,156.45,1
631,2025-03-20,64,F,40,33,1,10,Standard,Anual,501.18,0
632,2024-06-30,50,F,21,44,1,30,Standard,Mensal,1715.21,0
633,2024-06-15,42,F,51,40,0,0,Standard,Mensal,631.36,0
634,2024-03-31,61,M,38,28,1,0,Standard,Mensal,1450.77,1
635,2025-12-14,29,F,20,3,2,5,Standard,Anual,1871.92,0
636,2025-06-14,51,M,57,4,3,0,Basico,Mensal,183.46,0
637,2024-02-08,62,M,29,10,3,0,Basico,Mensal,366.11,0
638,2024-05-05,49,F,51,20,2,5,Basico,Anual,131.48,0
639,2025-03-26,58,M,4,34,4,10,Premium,Mensal,6830.04,0
640,2024-06-21,50,F,55,11,3,0,Standard,Mensal,745.9,0
641,2025-10-14,37,F,7,25,3,0,Standard,Mensal,1603.93,0
642,2024-08-07,55,M,28,18,0,60,Premium,Anual,4409.85,1
643,2025-09-29,21,M,28,44,0,0,Basico,Mensal,285.36,0
644,2024-02-27,33,M,4,6,0,0,Standard,Anual,1399.15,0
645,2025-10-21,32,M,22,46,2,0,Standard,Trimestral,756.91,0
646,2025-04-20,48,F,12,6,1,0,Premium,Mensal,7933.1,0
647,2025-03-31,31,F,45,25,1,0,Premium,Anual,4421.12,0
648,2024-12-26,58,F,3,39,4,15,Standard,Mensal,1493.56,0
649,2024-01-01,21,M,22,4,4,0,Basico,Mensal,163.31,0
650,2025-01-21,51,M,44,20,4,0,Standard,Mensal,1532.18,0
651,2024-12-13,32,M,2,13,1,10,Basico,Mensal,151.28,0
652,2024-07-08,46,F,24,3,2,5,Standard,Mensal,1138.03,0
653,2025-05-19,60,M,34,22,0,20,Premium,Mensal,3977.65,1
654,2024-07-09,36,F,27,41,0,20,Basico,Mensal,399.35,1
655,2025-05-22,59,M,55,19,0,0,Standard,Trimestral,893.05,0
656,2025-01-03,50,F,41,14,1,15,Basico,Mensal,452.69,0
657,2025-02-12,53,F,1,49,1,0,Basico,Anual,456.73,0
658,2024-04-26,43,M,8,44,3,60,Basico,Mensal,178.58,1
659,2024-05-13,64,M,23,28,0,0,Standard,Mensal,1420.77,0
660,2024-02-27,54,F,38,7,2,60,Premium,Mensal,2701.74,0
661,2025-07-09,25,F,6,40,1,15,Premium,Mensal,5132.3,0
662,2025-11-15,38,M,22,47,0,0,Basico,Mensal,385.33,1
663,2025-11-02,49,M,25,18,1,5,Premium,Trimestral,7275.39,0
664,2024-06-21,26,F,18,47,0,60,Standard,Anual,1437.05,0
665,2024-05-28,29,M,17,38,2,20,Basico,Anual,213.02,1
666,2024-03-20,60,F,12,45,1,0,Basico,Mensal,251.21,0
667,2024-07-31,51,F,6,27,0,10,Basico,Anual,141.18,0
668,2024-07-21,53,M,26,45,0,0,Premium,Mensal,7752.18,0
669,2024-08-16,47,M,27,26,1,0,Standard,Mensal,1255.83,0
670,2025-11-06,34,M,8,3,4,0,Standard,Anual,1563.15,0
671,2024-08-14,49,M,19,14,1,0,Basico,Trimestral,199.58,0
672,2025-10-20,56,M,42,34,2,15,Standard,Mensal,986.66,0
673,2025-06-15,48,F,1,36,2,0,Basico,Mensal,233.69,1
674,2025-03-16,41,F,57,0,5,15,Basico,Mensal,110.3,0
675,2025-02-05,23,M,29,2,3,0,Standard,Trimestral,1011.57,1
676,2024-02-16,39,M,45,46,2,0,Basico,Mensal,421.32,0
677,2024-08-20,51,M,49,23,2,0,Standard,Anual,1845.95,0
678,2024-10-31,55,F,35,26,4,0,Basico,Mensal,307.29,0
679,2025-06-09,23,M,40,39,1,0,Standard,Mensal,1183.25,0
680,2024-05-22,46,M,14,35,1,0,Basico,Mensal,112.33,1
681,2025-02-18,36,F,35,33,0,5,Standard,Mensal,1818.81,0
682,2025-05-27,31,F,48,28,3,0,Basico,Mensal,105.2,0
683,2025-01-07,41,M,45,23,3,0,Basico,Trimestral,477.9,0
684,2025-07-19,36,M,20,23,0,0,Premium,Anual,5913.73,0
685,2024-09-15,29,M,56,41,2,20,Basico,Anual,236.77,0
686,2025-10-17,20,F,49,3,1,30,Standard,Trimestral,1886.33,1
687,2025-04-15,41,M,13,2,0,0,Premium,Anual,2195.13,0
688,2024-01-12,45,M,38,33,6,0,Basico,Mensal,332.57,0
689,2024-11-25,37,M,49,48,0,0,Basico,Trimestral,319.57,0
690,2024-12-23,33,F,46,22,0,45,Standard,Mensal,828.98,0
691,2025-02-11,48,F,49,22,2,0,Premium,Mensal,5431.1,0
692,2025-10-29,31,M,8,44,2,0,Premium,Mensal,7218.11,0
693,2025-01-07,55,M,43,4,0,0,Standard,Mensal,1590.7,0
694,2024-01-08,54,F,20,30,2,0,Standard,Mensal,501.08,0
695,2024-05-01,31,F,33,40,1,0,Basico,Anual,474.74,0
696,2024-12-13,26,F,26,5,0,15,Premium,Mensal,3316.2,0
697,2025-11-06,48,F,39,36,0,0,Premium,Mensal,3868.64,0
698,2024-03-30,30,F,21,9,2,5,Basico,Mensal,205.39,0
699,2025-10-09,52,F,53,39,0,0,Basico,Mensal,115.13,0
700,2025-11-28,25,F,49,6,5,0,Basico,Mensal,149.22,0
701,2024-11-11,34,F,42,38,3,30,Basico,Mensal,494.54,0
702,2024-06-26,51,F,43,37,6,0,Standard,Mensal,972.83,1
703,2025-06-23,30,M,54,20,0,15,Basico,Mensal,146.12,0
704,2024-02-10,42,M,41,19,5,5,Basico,Trimestral,142.8,1
705,2025-12-04,45,M,9,2,1,0,Basico,Trimestral,387.78,0
706,2025-05-16,53,F,24,21,1,45,Premium,Mensal,8836.55,0
707,2024-05-24,53,M,37,46,0,0,Standard,Mensal,885.43,0
708,2024-07-19,48,F,49,3,0,20,Basico,Mensal,108.36,0
709,2025-12-24,23,F,41,27,2,0,Basico,Trimestral,189.24,0
710,2025-04-05,36,M,17,11,1,20,Premium,Mensal,2452.13,0
711,2025-07-11,54,F,24,37,0,0,Standard,Mensal,655.09,0
712,2025-06-30,32,M,21,35,2,5,Basico,Trimestral,272.6,0
713,2024-09-09,60,M,51,46,0,15,Basico,Mensal,191.97,0
714,2025-01-24,58,M,59,40,2,30,Basico,Mensal,306.38,1
715,2025-08-16,34,F,39,4,1,30,Basico,Mensal,201.4,0
716,2024-09-12,48,M,55,12,3,15,Standard,Anual,1910.81,0
717,2025-12-09,48,F,41,22,3,20,Premium,Anual,9247.55,0
718,2025-03-25,30,M,39,49,1,0,Basico,Trimestral,326.72,0
719,2024-01-10,51,M,13,29,1,0,Standard,Mensal,1031.64,0
720,2024-08-29,21,M,11,36,1,0,Basico,Mensal,252.46,1
721,2024-09-07,33,F,46,24,3,0,Standard,Anual,1117.78,0
722,2024-01-05,39,F,19,47,1,0,Standard,Anual,1591.37,0
723,2024-04-28,41,F,11,26,0,5,Basico,Mensal,280.66,1
724,2025-01-08,30,M,13,13,0,0,Basico,Trimestral,442.69,0
725,2024-03-05,46,M,46,47,1,10,Standard,Mensal,1916.14,0
726,2024-05-25,22,F,45,46,1,0,Basico,Mensal,234.38,0
727,2024-08-11,36,F,1,35,3,0,Basico,Trimestral,324.28,0
728,2024-08-26,63,F,40,38,0,5,Standard,Mensal,642.58,0
729,2024-06-25,47,F,44,15,1,15,Premium,Anual,3603.75,0
730,2024-10-08,48,F,19,21,3,10,Basico,Mensal,265.39,0
731,2024-03-03,40,F,12,20,3,5,Standard,Mensal,809.3,1
732,2024-08-04,35,M,8,20,1,0,Basico,Anual,450.62,0
733,2025-11-19,56,F,8,7,1,5,Standard,Anual,737.43,1
734,2025-04-05,39,M,53,48,1,0,Standard,Mensal,1183.49,0
735,2025-09-01,25,M,45,15,5,0,Premium,Mensal,6845.59,0
736,2024-04-14,38,F,12,30,0,0,Basico,Trimestral,376.75,0
737,2024-04-08,24,F,48,41,5,0,Standard,Mensal,1074.6,1
738,2025-05-25,22,M,33,9,2,0,Standard,Anual,1803.65,0
739,2025-01-19,20,F,45,31,1,45,Basico,Anual,327.33,1
740,2025-02-08,57,F,26,33,0,45,Basico,Mensal,275.8,0
741,2025-06-01,34,M,39,8,1,0,Basico,Mensal,126.9,0
742,2025-04-20,53,M,28,16,1,0,Basico,Mensal,285.88,1
743,2025-12-09,54,M,58,10,0,0,Premium,Anual,8565.89,0
744,2025-10-06,44,F,5,31,2,0,Basico,Mensal,345.82,0
745,2025-03-12,43,M,8,9,6,30,Basico,Mensal,432.86,0
746,2024-01-23,31,F,25,21,2,0,Standard,Mensal,1241.02,0
747,2025-07-18,37,M,27,16,2,15,Basico,Mensal,147.38,0
748,2025-11-07,34,M,46,3,0,0,Standard,Mensal,520.46,0
749,2025-12-14,63,M,23,47,1,60,Basico,Mensal,221.29,0
750,2025-04-02,35,F,30,46,0,0,Premium,Anual,7583.92,0
751,2024-03-23,46,F,45,24,2,15,Premium,Anual,8322.08,0
752,2024-05-24,27,M,47,20,5,0,Premium,Trimestral,4366.02,0
753,2024-03-25,44,M,23,36,2,5,Basico,Mensal,298.26,0
754,2024-03-18,36,M,49,37,0,0,Standard,Mensal,1131.68,0
755,2025-04-01,48,F,47,48,1,0,Basico,Trimestral,264.21,0
756,2024-01-01,27,M,20,0,2,30,Basico,Mensal,192.54,0
757,2024-02-20,34,F,18,24,1,30,Basico,Anual,154.55,1
758,2025-11-15,46,M,18,35,3,20,Standard,Trimestral,795.03,1
759,2025-12-17,26,M,2,16,3,5,Basico,Mensal,122.13,0
760,2025-03-21,22,M,4,40,2,15,Standard,Anual,797.2,1
761,2025-03-24,48,M,30,23,1,0,Basico,Anual,103.68,1
762,2025-05-02,63,M,33,1,0,0,Basico,Mensal,350.9,0
763,2024-02-03,43,M,36,39,0,0,Standard,Mensal,974.56,0
764,2024-12-13,22,F,18,14,1,5,Basico,Mensal,489.26,0
765,2024-04-04,39,M,37,31,1,0,Standard,Mensal,790.58,0
766,2024-03-12,34,F,19,38,2,0,Basico,Mensal,238.33,0
767,2025-07-04,44,M,47,5,2,5,Standard,Mensal,1036.76,0
768,2024-06-02,49,M,28,0,0,15,Standard,Anual,512.68,0
769,2024-09-06,33,F,40,46,1,0,Basico,Mensal,435.68,1
770,2025-11-04,26,M,20,22,0,0,Basico,Mensal,112.8,0
771,2025-03-13,36,F,49,38,0,0,Standard,Trimestral,1910.27,0
772,2024-04-27,63,F,33,16,3,0,Standard,Mensal,1838.11,0
773,2024-11-01,39,M,12,33,0,0,Basico,Anual,314.21,1
774,2024-09-24,55,F,58,40,1,5,Basico,Mensal,317.44,0
775,2024-02-23,28,F,51,28,0,5,Premium,Mensal,7230.22,0
776,2024-08-23,57,M,15,8,4,10,Standard,Mensal,1080.58,0
777,2025-01-23,41,F,41,12,2,0,Basico,Trimestral,358.89,0
778,2025-02-04,21,M,39,5,0,15,Basico,Mensal,117.91,0
779,2025-09-15,43,M,2,5,1,0,Basico,Trimestral,121.62,0
780,2024-10-29,27,M,29,19,2,0,Standard,Mensal,1185.85,0
781,2024-07-25,30,M,41,2,5,15,Basico,Mensal,319.85,0
782,2024-08-16,32,F,10,16,0,0,Premium,Mensal,9102.54,0
783,2025-07-31,36,M,2,48,4,0,Basico,Anual,141.86,1
784,2024-03-15,27,M,51,11,5,20,Basico,Anual,429.06,1
785,2025-03-10,40,F,11,47,4,0,Standard,Mensal,815.07,1
786,2024-04-12,37,M,13,46,2,10,Premium,Mensal,5152.67,1
787,2025-02-25,49,M,10,44,2,0,Standard,Mensal,974.9,0
788,2025-12-04,37,F,14,0,1,10,Basico,Mensal,260.06,0
789,2024-11-01,50,F,18,16,3,0,Standard,Mensal,725.74,0
790,2024-04-07,57,F,51,2,1,0,Standard,Anual,1255.36,0
791,2024-11-30,51,F,54,25,2,5,Basico,Anual,420.66,1
792,2025-03-10,30,F,9,14,1,0,Basico,Mensal,276.61,0
793,2025-03-22,64,F,57,35,2,0,Basico,Mensal,296.25,0
794,2024-11-03,44,F,39,31,3,0,Basico,Anual,439.51,0
795,2024-09-05,52,M,28,31,0,0,Premium,Trimestral,7648.46,0
796,2024-06-14,57,F,3,3,3,0,Basico,Mensal,296.18,0
797,2025-04-25,60,F,20,17,1,0,Premium,Mensal,4061.57,0
798,2024-11-30,27,F,6,48,3,30,Standard,Mensal,1827.39,0
799,2025-06-25,30,M,27,18,1,0,Standard,Mensal,1365.53,0
800,2024-04-15,41,M,53,42,1,0,Standard,Mensal,831.72,1
801,2025-07-16,43,F,2,34,4,0,Basico,Mensal,207.65,1
802,2024-03-21,60,F,29,39,0,0,Basico,Trimestral,421.25,0
803,2024-05-12,36,F,38,13,3,30,Basico,Mensal,117.66,1
804,2024-05-17,31,M,3,32,1,0,Standard,Mensal,1988.14,0
805,2024-07-02,51,M,16,13,1,45,Basico,Mensal,152.14,0
806,2025-02-04,34,F,30,33,1,0,Standard,Trimestral,1694.1,0
807,2024-11-25,35,M,40,3,2,10,Basico,Anual,257.91,0
808,2025-05-22,41,F,2,23,1,5,Basico,Mensal,296.89,1
809,2024-03-09,47,M,17,28,0,20,Basico,Mensal,452.26,1
810,2025-06-29,39,M,41,18,0,5,Premium,Anual,5303.29,0
811,2024-02-22,52,F,12,5,0,5,Standard,Mensal,1306.24,1
812,2025-03-25,29,F,35,32,6,0,Basico,Mensal,119.72,0
813,2024-07-23,59,F,43,48,5,0,Standard,Mensal,503.52,0
814,2024-05-05,51,F,1,39,1,30,Basico,Mensal,197.92,0
815,2024-02-12,52,M,55,18,2,0,Premium,Mensal,7444.66,0
816,2024-04-20,21,M,45,0,1,0,Standard,Anual,681.9,0
817,2025-10-24,52,M,15,4,2,15,Basico,Trimestral,145.5,0
818,2024-07-01,52,F,26,26,3,0,Standard,Mensal,1116.44,0
819,2024-04-04,60,M,37,15,5,45,Basico,Anual,359.13,1
820,2025-01-08,32,F,21,5,1,10,Premium,Mensal,7696.58,0
821,2025-06-03,49,M,49,39,3,5,Basico,Mensal,171.38,0
822,2024-12-25,52,F,31,12,0,20,Standard,Mensal,619.38,1
823,2025-11-26,32,F,25,47,7,0,Basico,Trimestral,476.16,0
824,2024-10-07,45,M,23,34,0,0,Standard,Mensal,891.0,0
825,2024-07-13,41,F,24,18,2,0,Standard,Mensal,1780.02,0
826,2024-07-13,58,F,57,11,2,0,Standard,Trimestral,1795.24,0
827,2025-10-28,21,M,38,15,2,10,Standard,Trimestral,1658.78,0
828,2024-04-02,57,F,28,42,0,30,Premium,Trimestral,3350.67,1
829,2025-11-02,58,F,21,9,5,0,Basico,Mensal,428.72,0
830,2024-03-01,45,F,54,24,0,0,Basico,Mensal,407.7,0
831,2025-09-25,34,M,43,19,2,45,Basico,Mensal,338.69,1
832,2024-02-20,53,M,18,30,0,0,Premium,Mensal,4697.62,0
833,2025-02-06,61,F,36,3,1,0,Basico,Anual,205.0,0
834,2024-01-05,63,M,35,43,1,0,Standard,Mensal,682.83,0
835,2025-04-10,59,F,45,22,1,30,Standard,Mensal,1264.64,0
836,2025-08-26,30,F,55,1,0,5,Basico,Trimestral,334.1,0
837,2025-11-12,22,F,9,21,0,15,Basico,Mensal,243.74,0
838,2025-06-17,25,F,53,36,1,15,Basico,Mensal,290.14,0
839,2025-02-08,28,F,38,7,3,0,Basico,Trimestral,245.41,0
840,2025-05-27,25,M,58,6,4,0,Basico,Anual,356.4,0
841,2025-10-06,28,F,30,13,0,15,Basico,Trimestral,460.5,1
842,2024-08-20,58,M,44,2,1,0,Premium,Mensal,3311.36,1
843,2025-06-07,50,M,34,49,0,15,Premium,Mensal,5051.27,0
844,2024-12-11,51,F,32,15,0,30,Basico,Trimestral,156.35,1
845,2024-02-15,60,F,3,18,2,5,Basico,Mensal,349.98,1
846,2025-06-29,31,M,3,17,2,10,Basico,Mensal,391.55,1
847,2024-03-18,27,M,28,15,0,15,Standard,Anual,1897.87,0
848,2025-12-30,27,M,44,7,0,15,Standard,Mensal,918.31,0
849,2024-03-13,47,F,15,32,0,0,Basico,Trimestral,480.08,0
850,2024-09-05,39,M,41,48,3,0,Basico,Mensal,125.31,1
851,2024-02-16,26,F,23,11,6,0,Standard,Mensal,1404.52,0
852,2024-04-30,30,F,40,10,0,10,Standard,Mensal,585.7,0
853,2024-08-01,39,F,11,4,0,0,Basico,Trimestral,457.51,0
854,2024-08-26,35,M,48,26,4,10,Standard,Mensal,1294.71,0
855,2024-02-25,23,F,32,11,4,0,Basico,Mensal,367.74,0
856,2024-12-15,25,F,58,16,1,5,Basico,Trimestral,432.63,0
857,2024-04-16,41,F,59,5,0,0,Standard,Trimestral,725.47,0
858,2024-02-17,45,F,57,32,0,10,Standard,Anual,557.89,0
859,2025-07-26,22,F,54,4,2,5,Basico,Mensal,451.55,0
860,2024-12-02,60,M,36,27,1,0,Premium,Mensal,4519.47,0
861,2024-01-26,61,F,33,13,0,0,Basico,Anual,151.59,0
862,2024-09-13,33,F,24,4,2,10,Standard,Trimestral,1202.69,0
863,2024-01-08,30,M,39,32,0,0,Basico,Mensal,339.32,0
864,2025-09-16,37,F,34,49,3,0,Premium,Mensal,2247.76,0
865,2024-09-09,31,M,56,47,1,45,Premium,Trimestral,4199.17,1
866,2025-11-22,42,F,28,40,0,10,Basico,Mensal,113.12,0
867,2025-12-19,31,M,37,18,2,45,Premium,Trimestral,5362.68,0
868,2024-10-29,32,M,7,21,1,0,Standard,Mensal,1842.65,0
869,2025-09-30,44,F,4,4,6,0,Standard,Mensal,1973.98,0
870,2024-02-25,64,F,37,1,1,20,Basico,Trimestral,354.82,0
871,2025-12-26,38,F,56,29,0,5,Standard,Mensal,742.46,0
872,2025-06-09,55,M,1,46,2,10,Premium,Mensal,9246.8,0
873,2025-04-18,64,M,1,38,0,0,Basico,Mensal,306.5,0
874,2024-01-28,27,M,47,3,4,0,Premium,Mensal,3229.99,0
875,2024-03-18,48,F,20,32,1,0,Basico,Trimestral,468.69,0
876,2024-08-03,51,M,19,12,1,0,Basico,Trimestral,402.99,0
877,2025-01-20,63,M,29,19,0,0,Standard,Trimestral,1597.56,0
878,2024-12-30,37,F,10,6,1,0,Standard,Mensal,1563.77,0
879,2025-10-27,25,M,18,14,3,45,Standard,Mensal,800.51,0
880,2025-06-09,37,M,28,22,3,0,Basico,Mensal,184.4,0
881,2025-11-29,38,F,35,13,0,10,Premium,Anual,7506.34,0
882,2024-11-07,41,M,43,22,0,15,Basico,Trimestral,187.89,0
883,2024-01-07,56,F,47,18,3,5,Basico,Trimestral,275.47,0
884,2024-01-03,51,F,31,28,5,0,Basico,Mensal,412.8,0
885,2025-09-14,60,F,27,19,0,10,Standard,Mensal,1675.93,0
886,2024-12-28,22,F,11,28,1,5,Premium,Mensal,5626.09,1
887,2025-05-22,47,F,49,23,1,10,Standard,Mensal,1688.28,1
888,2024-09-30,29,M,49,17,4,15,Standard,Mensal,1757.93,0
889,2025-05-20,54,M,38,9,0,45,Basico,Anual,361.91,0
890,2024-01-15,48,F,5,40,0,5,Standard,Mensal,842.64,0
891,2024-07-10,34,F,8,7,3,0,Basico,Mensal,209.6,0
892,2025-09-22,52,M,34,25,0,5,Basico,Mensal,225.94,0
893,2025-04-29,26,F,48,28,1,0,Basico,Anual,146.72,0
894,2024-01-28,31,F,52,9,1,20,Standard,Mensal,909.74,0
895,2025-12-14,49,F,56,16,1,0,Standard,Trimestral,814.28,0
896,2024-02-08,40,M,12,1,1,0,Standard,Anual,1182.99,1
897,2024-09-29,50,M,38,5,1,15,Basico,Mensal,463.38,0
898,2024-08-18,43,F,1,4,0,5,Basico,Trimestral,141.79,1
899,2024-03-26,39,F,31,27,2,0,Standard,Mensal,1580.4,1
900,2025-04-18,56,M,4,40,3,0,Basico,Mensal,374.91,0
901,2024-05-05,23,M,49,4,3,20,Premium,Trimestral,2766.03,1
902,2025-06-20,47,F,45,17,0,0,Standard,Trimestral,1883.86,0
903,2024-05-24,63,F,50,25,0,20,Basico,Mensal,327.39,0
904,2025-06-08,39,M,5,19,0,0,Premium,Mensal,4909.8,0
905,2024-07-30,43,M,30,40,1,15,Standard,Mensal,1634.81,0
906,2024-01-25,51,M,56,48,1,15,Basico,Mensal,202.95,0
907,2025-08-02,60,F,24,26,2,0,Standard,Mensal,1540.26,0
908,2025-01-28,55,M,59,48,0,0,Basico,Mensal,115.88,0
909,2024-03-07,53,F,3,11,0,0,Standard,Mensal,1759.11,0
910,2024-08-20,55,M,11,6,1,10,Standard,Trimestral,1172.26,0
911,2024-04-18,21,M,45,2,2,5,Premium,Mensal,7093.54,0
912,2024-05-25,34,M,4,9,0,5,Standard,Mensal,831.86,0
913,2024-04-20,53,M,26,33,2,0,Basico,Mensal,370.83,0
914,2024-08-15,55,F,27,24,0,0,Standard,Anual,1658.36,0
915,2024-04-20,25,F,46,34,4,0,Basico,Mensal,289.29,0
916,2025-04-14,58,M,54,15,4,0,Standard,Mensal,1426.59,0
917,2024-02-03,61,F,43,1,0,5,Standard,Mensal,1184.49,0
918,2025-09-14,31,M,27,23,0,20,Basico,Trimestral,457.64,0
919,2025-01-03,22,M,42,9,1,10,Basico,Mensal,299.15,0
920,2025-08-17,64,M,51,37,0,0,Premium,Trimestral,8734.47,0
921,2025-07-07,37,M,50,21,2,45,Premium,Anual,8410.82,1
922,2025-02-28,59,F,6,25,3,10,Basico,Trimestral,264.2,0
923,2025-09-04,40,M,59,42,2,30,Basico,Trimestral,192.03,0
924,2025-06-01,34,M,15,38,3,5,Basico,Mensal,262.43,0
925,2025-11-22,52,F,53,26,1,0,Premium,Mensal,8609.74,0
926,2024-10-08,54,M,30,28,0,0,Basico,Anual,191.05,0
927,2024-11-15,45,M,42,46,2,10,Standard,Mensal,1286.65,1
928,2025-03-18,27,M,37,37,1,0,Basico,Mensal,422.44,0
929,2024-11-10,55,F,58,19,2,0,Standard,Trimestral,1030.22,0
930,2025-01-11,49,M,37,26,0,5,Basico,Mensal,356.88,0
931,2024-10-15,42,F,42,40,0,5,Standard,Mensal,868.45,0
932,2025-03-12,61,M,37,19,7,5,Basico,Mensal,143.71,1
933,2025-10-23,63,M,35,43,0,0,Standard,Mensal,1691.58,0
934,2024-10-03,33,F,23,18,6,0,Basico,Trimestral,139.59,1
935,2025-12-10,33,M,6,19,6,5,Standard,Mensal,907.07,0
936,2025-08-04,21,M,4,34,3,45,Premium,Mensal,8840.88,0
937,2025-05-17,56,F,18,46,2,10,Basico,Mensal,238.59,1
938,2025-09-15,24,F,9,1,2,30,Premium,Trimestral,9784.36,0
939,2025-05-30,57,F,49,29,4,15,Standard,Trimestral,1969.6,0
940,2024-12-15,64,F,29,33,0,5,Basico,Mensal,207.31,0
941,2025-03-21,60,F,13,21,1,0,Basico,Trimestral,116.39,1
942,2024-12-15,33,M,59,2,2,10,Basico,Mensal,382.03,0
943,2025-08-29,58,F,47,5,1,5,Standard,Anual,1176.48,0
944,2025-10-25,44,M,52,14,1,5,Standard,Mensal,651.13,0
945,2024-05-16,39,M,17,26,1,0,Basico,Trimestral,383.01,0
946,2024-08-30,21,M,45,9,2,5,Standard,Mensal,546.76,0
947,2025-06-26,58,F,32,8,4,0,Standard,Mensal,1805.3,1
948,2024-02-09,25,F,48,32,0,5,Premium,Mensal,3109.22,0
949,2024-08-16,36,M,22,31,5,0,Standard,Anual,690.97,1
950,2025-07-01,44,F,4,47,2,15,Premium,Mensal,3405.38,0
951,2024-08-10,47,F,5,5,3,0,Standard,Anual,1940.4,0
952,2024-01-06,21,F,37,40,2,0,Basico,Mensal,377.27,0
953,2024-11-17,54,F,41,35,3,0,Standard,Mensal,1702.06,0
954,2025-04-12,56,M,49,1,0,10,Basico,Mensal,259.05,1
955,2024-03-15,24,M,13,28,3,0,Basico,Trimestral,234.53,1
956,2024-01-04,20,F,34,3,0,0,Basico,Mensal,193.79,0
957,2025-10-07,59,M,45,0,4,5,Standard,Anual,1220.97,0
958,2024-04-27,31,F,22,18,7,0,Standard,Anual,1327.74,0
959,2025-08-28,55,F,53,25,0,30,Basico,Anual,352.71,1
960,2025-05-18,64,M,59,24,0,30,Basico,Mensal,202.85,1
961,2025-07-27,42,M,23,9,3,5,Basico,Trimestral,479.46,1
962,2025-03-16,50,M,51,14,0,0,Standard,Trimestral,754.64,0
963,2024-07-12,30,F,3,21,4,10,Basico,Mensal,486.26,0
964,2025-12-15,29,M,42,47,0,0,Standard,Trimestral,522.28,0
965,2025-01-26,22,F,34,20,0,0,Basico,Mensal,292.45,0
966,2024-01-26,33,M,32,21,6,0,Basico,Mensal,233.35,0
967,2025-03-10,35,M,45,35,2,30,Basico,Mensal,279.65,0
968,2024-06-21,29,F,51,33,3,0,Basico,Mensal,328.27,0
969,2024-10-26,48,F,58,29,1,5,Premium,Mensal,5484.71,1
970,2025-10-06,29,F,49,24,2,10,Basico,Mensal,265.94,0
971,2024-11-21,31,F,21,44,2,0,Basico,Trimestral,393.09,0
972,2025-02-13,49,F,46,27,2,0,Basico,Mensal,374.35,0
973,2024-04-27,60,F,44,0,2,45,Basico,Mensal,433.31,1
974,2025-12-24,20,F,21,48,2,5,Basico,Mensal,199.98,0
975,2024-08-12,24,F,44,44,1,5,Basico,Mensal,343.81,0
976,2025-06-15,39,M,11,3,0,0,Standard,Trimestral,1377.79,0
977,2024-04-22,27,F,39,6,3,0,Standard,Mensal,1054.61,0
978,2024-05-19,62,F,4,48,0,0,Basico,Trimestral,294.42,0
979,2025-07-12,31,M,51,8,2,0,Basico,Mensal,225.51,0
980,2024-01-01,20,F,1,35,0,0,Premium,Trimestral,3134.76,0
981,2024-03-30,39,M,28,18,2,15,Basico,Mensal,185.52,0
982,2025-10-15,47,M,24,0,2,0,Basico,Mensal,142.21,0
983,2024-11-15,62,F,35,9,0,0,Basico,Trimestral,373.23,0
984,2025-07-03,56,M,13,35,0,5,Basico,Mensal,364.29,0
985,2024-05-18,56,F,47,8,0,15,Standard,Trimestral,1925.91,0
986,2025-05-25,31,M,34,44,2,0,Basico,Trimestral,391.87,1
987,2024-09-15,56,M,11,45,3,5,Standard,Mensal,578.07,0
988,2025-11-03,63,M,36,41,0,0,Basico,Mensal,453.7,0
989,2025-11-20,47,F,51,31,2,0,Basico,Mensal,445.07,0
990,2024-01-10,34,F,17,31,1,0,Standard,Anual,1164.98,0
991,2024-09-17,25,M,35,5,1,15,Basico,Trimestral,334.35,0
992,2025-10-11,63,M,18,47,4,0,Standard,Mensal,1964.12,0
993,2024-06-20,39,F,40,37,1,0,Basico,Mensal,312.92,0
994,2024-01-13,33,F,22,16,1,0,Standard,Mensal,1857.98,1
995,2024-06-16,21,M,57,9,0,15,Basico,Trimestral,133.22,0
996,2025-10-03,28,M,24,49,0,0,Premium,Mensal,3528.41,0
997,2025-08-18,56,F,58,26,0,0,Basico,Mensal,276.3,0
998,2024-11-16,39,F,19,49,0,0,Premium,Anual,6678.05,0
999,2024-11-14,45,F,37,34,2,0,Basico,Mensal,426.49,0
1000,2025-09-04,48,F,39,20,1,5,Standard,Mensal,1982.39,0